subject,session,acc_mean,acc_std
sub-001,ses-01,0.7,0.057
sub-001,ses-02,0.595,0.1166
sub-001,ses-03,0.485,0.0718
sub-002,ses-01,0.61,0.0718
sub-002,ses-02,0.54,0.0604
sub-002,ses-03,0.51,0.0752
sub-003,ses-01,0.53,0.0485
sub-003,ses-02,0.515,0.0903
sub-003,ses-03,0.55,0.0822
sub-004,ses-01,0.5,0.0689
sub-004,ses-02,0.535,0.0604
sub-004,ses-03,0.45,0.0707
sub-005,ses-01,0.905,0.0292
sub-005,ses-02,0.81,0.0604
sub-005,ses-03,0.83,0.0534
sub-006,ses-01,0.655,0.0534
sub-006,ses-02,0.515,0.0903
sub-006,ses-03,0.545,0.066
sub-007,ses-01,0.5,0.0592
sub-007,ses-02,0.43,0.064
sub-007,ses-03,0.505,0.0367
sub-008,ses-01,0.505,0.0886
sub-008,ses-02,0.475,0.057
sub-008,ses-03,0.485,0.0752
sub-009,ses-01,0.545,0.0714
sub-009,ses-02,0.51,0.097
sub-009,ses-03,0.52,0.0534
sub-010,ses-01,0.535,0.08
sub-010,ses-02,0.435,0.0682
sub-010,ses-03,0.455,0.0696
sub-012,ses-01,0.74,0.0718
sub-012,ses-02,0.74,0.08
sub-012,ses-03,0.655,0.0534
sub-013,ses-01,0.525,0.0548
sub-013,ses-02,0.515,0.0339
sub-013,ses-03,0.515,0.0515
sub-014,ses-01,0.5,0.0524
sub-014,ses-02,0.52,0.1042
sub-014,ses-03,0.53,0.04
sub-015,ses-01,0.52,0.0579
sub-015,ses-02,0.5,0.0775
sub-015,ses-03,0.52,0.043
sub-016,ses-01,0.535,0.0406
sub-016,ses-02,0.485,0.0831
sub-016,ses-03,0.48,0.0872
sub-017,ses-01,0.51,0.0464
sub-017,ses-02,0.52,0.06
sub-017,ses-03,0.485,0.0436
sub-018,ses-01,0.555,0.0187
sub-018,ses-02,0.525,0.0316
sub-018,ses-03,0.505,0.0534
sub-019,ses-01,0.525,0.0791
sub-019,ses-02,0.485,0.0374
sub-019,ses-03,0.5,0.0592
sub-020,ses-01,0.6,0.0592
sub-020,ses-02,0.51,0.0583
sub-020,ses-03,0.525,0.0274
sub-021,ses-01,0.615,0.07
sub-021,ses-02,0.49,0.0561
sub-021,ses-03,0.52,0.0579
sub-022,ses-01,0.56,0.0718
sub-022,ses-02,0.51,0.1125
sub-022,ses-03,0.755,0.0534
sub-023,ses-01,0.605,0.0812
sub-023,ses-02,0.48,0.0992
sub-023,ses-03,0.5,0.0652
sub-024,ses-01,0.58,0.062
sub-024,ses-02,0.4673,0.0557
sub-024,ses-03,0.565,0.119
sub-025,ses-01,0.845,0.0534
sub-025,ses-02,0.8546,0.0479
sub-025,ses-03,0.9282,0.0497
sub-026,ses-01,0.59,0.0752
sub-026,ses-02,0.585,0.0539
sub-026,ses-03,0.59,0.086
sub-027,ses-01,0.4722,0.0786
sub-027,ses-02,0.55,0.0671
sub-027,ses-03,0.46,0.0436
sub-028,ses-01,0.58,0.0579
sub-028,ses-02,0.595,0.066
sub-028,ses-03,0.55,0.0158
sub-029,ses-01,0.715,0.0539
sub-029,ses-02,0.825,0.0758
sub-029,ses-03,0.62,0.0557
sub-030,ses-01,0.985,0.02
sub-030,ses-02,0.93,0.0292
sub-030,ses-03,0.965,0.0255
sub-031,ses-01,0.76,0.0374
sub-031,ses-02,0.78,0.0696
sub-031,ses-03,0.695,0.1418
sub-032,ses-01,0.46,0.0374
sub-032,ses-02,0.515,0.049
sub-032,ses-03,0.515,0.0875
sub-033,ses-01,0.635,0.1158
sub-033,ses-02,0.7487,0.0652
sub-033,ses-03,0.515,0.049
sub-034,ses-01,0.95,0.0158
sub-034,ses-02,0.905,0.043
sub-034,ses-03,0.895,0.043
sub-035,ses-01,0.495,0.0557
sub-035,ses-02,0.545,0.1198
sub-035,ses-03,0.46,0.0406
sub-036,ses-01,0.58,0.1198
sub-036,ses-02,0.48,0.0678
sub-036,ses-03,0.48,0.0914
sub-037,ses-01,0.59,0.0718
sub-037,ses-02,0.53,0.1298
sub-037,ses-03,0.53,0.064
sub-038,ses-01,0.415,0.0561
sub-038,ses-02,0.51,0.1471
sub-038,ses-03,0.55,0.057
sub-039,ses-01,0.55,0.0524
sub-039,ses-02,0.46,0.0539
sub-039,ses-03,0.505,0.0857
sub-040,ses-01,0.67,0.0579
sub-040,ses-02,0.56,0.0957
sub-040,ses-03,0.825,0.0418
sub-041,ses-01,0.5,0.0447
sub-041,ses-02,0.515,0.0735
sub-041,ses-03,0.515,0.0752
sub-042,ses-01,0.73,0.1219
sub-042,ses-02,0.755,0.051
sub-042,ses-03,0.895,0.064
sub-043,ses-01,0.505,0.0458
sub-043,ses-02,0.435,0.0464
sub-043,ses-03,0.46,0.07
sub-044,ses-01,0.655,0.0245
sub-044,ses-02,0.645,0.043
sub-044,ses-03,0.63,0.0731
sub-045,ses-01,0.55,0.0908
sub-045,ses-02,0.555,0.0187
sub-045,ses-03,0.555,0.04
sub-046,ses-01,0.555,0.06
sub-046,ses-02,0.55,0.0418
sub-046,ses-03,0.585,0.0815
sub-047,ses-01,0.8,0.0354
sub-047,ses-02,0.8,0.0447
sub-047,ses-03,0.72,0.0557
sub-048,ses-01,0.5,0.0894
sub-048,ses-02,0.54,0.1079
sub-048,ses-03,0.505,0.051
sub-049,ses-01,0.56,0.0561
sub-049,ses-02,0.495,0.0579
sub-049,ses-03,0.515,0.0752
sub-050,ses-01,0.6,0.144
sub-050,ses-02,0.655,0.0579
sub-050,ses-03,0.865,0.0339
sub-051,ses-01,0.565,0.03
sub-051,ses-02,0.625,0.1084
sub-051,ses-03,0.66,0.0784
sub-052,ses-01,0.59,0.1125
sub-052,ses-02,0.57,0.1239
sub-052,ses-03,0.575,0.1025
