subject,direct_12,direct_13,direct_mean,adapt_12,adapt_13,adapt_mean
sub-001,0.525,0.515,0.52,0.6375,0.5375,0.5875
sub-002,0.46,0.495,0.4775,0.5062,0.5062,0.5062
sub-003,0.5,0.5,0.5,0.525,0.45,0.4875
sub-004,0.515,0.505,0.51,0.5437,0.475,0.5094
sub-005,0.76,0.805,0.7825,0.8438,0.875,0.8594
sub-006,0.465,0.475,0.47,0.5312,0.5125,0.5219
sub-007,0.515,0.5,0.5075,0.5,0.5437,0.5219
sub-008,0.5,0.5,0.5,0.5125,0.5062,0.5094
sub-009,0.49,0.505,0.4975,0.5375,0.5563,0.5469
sub-010,0.5,0.445,0.4725,0.5062,0.4938,0.5
sub-012,0.495,0.57,0.5325,0.6813,0.5687,0.625
sub-013,0.5,0.475,0.4875,0.4938,0.4938,0.4938
sub-014,0.5,0.48,0.49,0.4938,0.5,0.4969
sub-015,0.5,0.495,0.4975,0.5125,0.4813,0.4969
sub-016,0.5,0.5,0.5,0.4875,0.45,0.4688
sub-017,0.505,0.475,0.49,0.4313,0.45,0.4406
sub-018,0.485,0.565,0.525,0.4875,0.5,0.4938
sub-019,0.49,0.495,0.4925,0.5188,0.5,0.5094
sub-020,0.5,0.5,0.5,0.4938,0.5062,0.5
sub-021,0.5,0.5,0.5,0.5188,0.5125,0.5156
sub-022,0.48,0.48,0.48,0.5,0.6,0.55
sub-023,0.505,0.525,0.515,0.525,0.45,0.4875
sub-024,0.4824,0.48,0.4812,0.4938,0.5375,0.5156
sub-025,0.4925,0.5077,0.5001,0.5062,0.8269,0.6666
sub-026,0.5,0.5,0.5,0.525,0.5625,0.5437
sub-027,0.5,0.5,0.5,0.5375,0.575,0.5562
sub-028,0.5,0.66,0.58,0.5625,0.6125,0.5875
sub-029,0.495,0.505,0.5,0.75,0.7,0.725
sub-030,0.505,0.53,0.5175,0.9313,0.9375,0.9344
sub-031,0.5,0.5,0.5,0.6125,0.5375,0.575
sub-032,0.5,0.5,0.5,0.5687,0.5312,0.55
sub-033,0.6332,0.46,0.5466,0.7125,0.5188,0.6156
sub-034,0.605,0.89,0.7475,0.7812,0.875,0.8281
sub-035,0.495,0.495,0.495,0.5125,0.5062,0.5094
sub-036,0.49,0.525,0.5075,0.5062,0.5125,0.5094
sub-037,0.5,0.5,0.5,0.5188,0.5312,0.525
sub-038,0.495,0.44,0.4675,0.55,0.5563,0.5531
sub-039,0.5,0.5,0.5,0.5062,0.4813,0.4938
sub-040,0.5,0.5,0.5,0.5125,0.6375,0.575
sub-041,0.5,0.5,0.5,0.4938,0.5437,0.5188
sub-042,0.575,0.605,0.59,0.875,0.8688,0.8719
sub-043,0.49,0.495,0.4925,0.4562,0.4938,0.475
sub-044,0.61,0.61,0.61,0.6062,0.5938,0.6
sub-045,0.485,0.53,0.5075,0.4875,0.5938,0.5406
sub-046,0.505,0.545,0.525,0.5312,0.5312,0.5312
sub-047,0.71,0.67,0.69,0.6937,0.6,0.6469
sub-048,0.5,0.5,0.5,0.5188,0.5,0.5094
sub-049,0.48,0.505,0.4925,0.5188,0.5625,0.5406
sub-050,0.59,0.5,0.545,0.7188,0.7,0.7094
sub-051,0.58,0.615,0.5975,0.5563,0.6813,0.6188
sub-052,0.725,0.6,0.6625,0.7625,0.65,0.7063
