subject,csp_lda,fbcsp_lda,diff_fbcsp_minus_csp
sub-001,0.5933,0.7317,0.1384
sub-002,0.5533,0.5183,-0.035
sub-003,0.5317,0.555,0.0233
sub-004,0.495,0.5,0.005
sub-005,0.8483,0.8583,0.01
sub-006,0.5717,0.7867,0.215
sub-007,0.4783,0.5383,0.06
sub-008,0.4883,0.545,0.0567
sub-009,0.525,0.4967,-0.0283
sub-010,0.475,0.5133,0.0383
sub-012,0.7117,0.6567,-0.055
sub-013,0.5183,0.48,-0.0383
sub-014,0.5167,0.4933,-0.0234
sub-015,0.5133,0.475,-0.0383
sub-016,0.5,0.5117,0.0117
sub-017,0.505,0.505,0.0
sub-018,0.5283,0.585,0.0567
sub-019,0.5033,0.4967,-0.0066
sub-020,0.545,0.5717,0.0267
sub-021,0.5417,0.6067,0.065
sub-022,0.6083,0.5617,-0.0466
sub-023,0.5283,0.5383,0.01
sub-024,0.5374,0.5725,0.0351
sub-025,0.8759,0.8553,-0.0206
sub-026,0.5883,0.61,0.0217
sub-027,0.4941,0.5809,0.0868
sub-028,0.575,0.5733,-0.0017
sub-029,0.72,0.73,0.01
sub-030,0.96,0.955,-0.005
sub-031,0.745,0.7817,0.0367
sub-032,0.4967,0.535,0.0383
sub-033,0.6329,0.7245,0.0916
sub-034,0.9167,0.865,-0.0517
sub-035,0.5,0.585,0.085
sub-036,0.5133,0.59,0.0767
sub-037,0.55,0.4667,-0.0833
sub-038,0.4917,0.5733,0.0816
sub-039,0.505,0.5083,0.0033
sub-040,0.685,0.67,-0.015
sub-041,0.51,0.5433,0.0333
sub-042,0.7933,0.7267,-0.0666
sub-043,0.4667,0.5217,0.055
sub-044,0.6433,0.685,0.0417
sub-045,0.5533,0.5467,-0.0066
sub-046,0.5633,0.4983,-0.065
sub-047,0.7733,0.6567,-0.1166
sub-048,0.515,0.57,0.055
sub-049,0.5233,0.5367,0.0134
sub-050,0.7067,0.7433,0.0366
sub-051,0.6167,0.61,-0.0067
sub-052,0.5783,0.7017,0.1234
