subject,mu_C3,mu_C4,beta_C3,beta_C4
sub-001,-0.06154,0.18116,0.00789,0.06895
sub-002,0.06171,0.06516,0.0435,0.02489
sub-003,-0.09072,-0.0857,-0.06112,-0.02306
sub-004,-0.04384,0.01272,-0.00327,0.0109
sub-005,0.08267,0.19555,0.15908,0.1526
sub-006,0.09552,0.12273,0.05552,0.0645
sub-007,-0.03737,-0.05227,0.0062,0.00899
sub-008,0.03839,0.02568,0.08919,0.12953
sub-009,-0.11798,-0.08209,-0.00282,0.01879
sub-010,0.05499,0.05164,-0.06338,0.00181
sub-012,-0.16347,0.22776,-0.09087,0.1088
sub-013,0.07476,0.00816,0.009,0.02453
sub-014,0.00106,-0.00444,0.00604,0.05247
sub-015,-0.03761,0.01901,-0.00941,0.00748
sub-016,0.03324,0.08487,0.04908,0.0665
sub-017,0.039,0.00134,-0.02952,0.01561
sub-018,0.02941,0.05384,-0.06309,-0.02279
sub-019,0.00957,0.0047,0.05987,0.08011
sub-020,-0.04748,0.04113,-0.05386,-0.00423
sub-021,-0.16762,-0.11074,-0.10992,-0.10601
sub-022,0.01046,0.11098,0.03036,0.0772
sub-023,0.05531,-0.03281,0.03589,0.12651
sub-024,0.01532,0.072,-0.02954,0.00803
sub-025,0.03052,-0.28949,0.01557,-0.03383
sub-026,0.00049,0.06425,0.03086,0.05076
sub-027,-0.01535,0.02571,-0.03328,-0.00826
sub-028,-0.06553,0.00568,-0.0759,0.05219
sub-029,-0.23183,-0.03969,-0.04754,0.08207
sub-030,-0.53159,0.43872,-0.12837,0.19751
sub-031,0.29347,0.29981,0.16504,0.15893
sub-032,-0.10881,0.00058,-0.00191,0.00296
sub-033,0.08901,0.0393,-0.03603,0.02363
sub-034,-0.30968,0.02964,-0.17768,0.05687
sub-035,-0.15352,-0.06217,-0.05603,-0.00616
sub-036,0.09057,0.03802,-0.01683,-0.01037
sub-037,0.01839,0.17079,0.01927,0.08839
sub-038,-0.54313,-0.39844,-0.1146,-0.0879
sub-039,0.01704,-0.02241,0.05391,0.02496
sub-040,-0.09597,0.09292,-0.04092,0.00933
sub-041,0.12414,0.20856,0.07383,0.04352
sub-042,0.00873,-0.10685,-0.05929,0.0946
sub-043,-0.12299,-0.08385,-0.0693,-0.07248
sub-044,0.05115,0.13025,0.01692,0.1246
sub-045,-0.07989,0.09734,-0.06202,0.03806
sub-046,-0.12485,-0.07883,-0.00773,0.02444
sub-047,-0.25887,-0.03783,-0.08063,-0.01837
sub-048,0.15741,0.11378,0.0168,0.03892
sub-049,0.05597,0.03998,0.01363,0.03141
sub-050,0.03086,0.0408,0.0594,0.0617
sub-051,0.00261,0.29588,0.06243,0.0735
sub-052,0.03296,0.03099,0.00793,0.00167
