subject,ses-01,ses-02,ses-03,mean
sub-001,0.7,0.595,0.485,0.5933
sub-002,0.61,0.54,0.51,0.5533
sub-003,0.53,0.515,0.55,0.5317
sub-004,0.5,0.535,0.45,0.495
sub-005,0.905,0.81,0.83,0.8483
sub-006,0.655,0.515,0.545,0.5717
sub-007,0.5,0.43,0.505,0.4783
sub-008,0.505,0.475,0.485,0.4883
sub-009,0.545,0.51,0.52,0.525
sub-010,0.535,0.435,0.455,0.475
sub-012,0.74,0.74,0.655,0.7117
sub-013,0.525,0.515,0.515,0.5183
sub-014,0.5,0.52,0.53,0.5167
sub-015,0.52,0.5,0.52,0.5133
sub-016,0.535,0.485,0.48,0.5
sub-017,0.51,0.52,0.485,0.505
sub-018,0.555,0.525,0.505,0.5283
sub-019,0.525,0.485,0.5,0.5033
sub-020,0.6,0.51,0.525,0.545
sub-021,0.615,0.49,0.52,0.5417
sub-022,0.56,0.51,0.755,0.6083
sub-023,0.605,0.48,0.5,0.5283
sub-024,0.58,0.4673,0.565,0.5374
sub-025,0.845,0.8546,0.9282,0.8759
sub-026,0.59,0.585,0.59,0.5883
sub-027,0.4722,0.55,0.46,0.4941
sub-028,0.58,0.595,0.55,0.575
sub-029,0.715,0.825,0.62,0.72
sub-030,0.985,0.93,0.965,0.96
sub-031,0.76,0.78,0.695,0.745
sub-032,0.46,0.515,0.515,0.4967
sub-033,0.635,0.7487,0.515,0.6329
sub-034,0.95,0.905,0.895,0.9167
sub-035,0.495,0.545,0.46,0.5
sub-036,0.58,0.48,0.48,0.5133
sub-037,0.59,0.53,0.53,0.55
sub-038,0.415,0.51,0.55,0.4917
sub-039,0.55,0.46,0.505,0.505
sub-040,0.67,0.56,0.825,0.685
sub-041,0.5,0.515,0.515,0.51
sub-042,0.73,0.755,0.895,0.7933
sub-043,0.505,0.435,0.46,0.4667
sub-044,0.655,0.645,0.63,0.6433
sub-045,0.55,0.555,0.555,0.5533
sub-046,0.555,0.55,0.585,0.5633
sub-047,0.8,0.8,0.72,0.7733
sub-048,0.5,0.54,0.505,0.515
sub-049,0.56,0.495,0.515,0.5233
sub-050,0.6,0.655,0.865,0.7067
sub-051,0.565,0.625,0.66,0.6167
sub-052,0.59,0.57,0.575,0.5783
